uid,password,display name,email,first name,last name,members
dmisawa,passw0rd,Dan Misawa,dmisawa@renovations.com,Dan,Misawa,dmisawa
tamado,passw0rd,Ted Amado,tamado@renovations.com,Ted,Amado,tamado
mvo,passw0rd,Mali Vo,mvo@renovations.com,Mali,Vo,mvo
gchao,passw0rd,Gail Chao,gchao@renovations.com,Gail,Chao,gchao
scurman,passw0rd,Sam Curman,scurman@renovations.com,Sam,Curman,scurman
nsmith,passw0rd,Nancy Smith,nsmith@renovations.com,Nancy,Smith,nsmith
branney,passw0rd,Bill Ranney,branney@renovations.com,Bill,Ranney,branney
dmissille,passw0rd,Daniel Missille,dmissille@renovations.com,Daniel,Missille,dmissille
aberzat,passw0rd,Andreas Berzat,aberzat@renovations.com,Andreas,Berzat,aberzat
marmond,passw0rd,Madison Armond,marmond@renovations.com,Madison,Armond,marmond
cgarfield,passw0rd,Caitlin Garfield,cgarfield@renovations.com,Caitlin,Garfield,cgarfield